model_name,accuracy_test,accuracy_train,weighted_f1_test,weighted_f1_train,weighted_precision_test,weighted_precision_train,weighted_recall_test,weighted_recall_train,roc_auc_ovr_test,roc_auc_ovr_train,training_time_test,training_time_train,memory_usage_test,memory_usage_train,cohens_kappa_test,cohens_kappa_train,matthews_corrcoef_test,matthews_corrcoef_train,log_loss_test,log_loss_train,confidence_mean_test,confidence_mean_train,confidence_std_test,confidence_std_train,prediction_entropy_test,prediction_entropy_train,ensemble_size,ensemble_type,family,is_ensemble,is_boosting,is_parametric,overfit_gap_f1,underfit_score_f1,brier_approx,z_time,z_mem,complexity_score,co2_proxy,cluster,tradeoff_score
xgboost_cv_ensemble,0.5732833957553058,0.6529962546816479,0.6040481392949081,0.6780182063491819,0.6960637601816166,0.7764091135202245,0.5732833957553058,0.6529962546816479,0.6990835425508536,0.8301356395586759,1.3616118431091309,1.3616118431091309,0.1000000000000014,0.1000000000000014,0.2467918296846253,0.3893630864502415,0.2720266483373846,0.4300098603355644,0.8518086073321881,0.7332751097419921,0.6153034314366483,0.6176600465164189,0.1300706812083356,0.1314563367967314,0.8195677007217843,0.8138286485874324,1,cv,tree_boosting,True,True,False,0.07397006705427378,0.6040481392949081,1.2289000535846821,-0.24098500914883558,-0.5589655447621338,-0.7999505539109694,-1.0892221481068851,0,0.11108664736171928
lightgbm_cv_ensemble,0.5732833957553058,0.6529962546816479,0.6040481392949081,0.6780182063491819,0.6960637601816166,0.7764091135202245,0.5732833957553058,0.6529962546816479,0.6990835425508536,0.8301356395586759,1.464369773864746,1.464369773864746,0.2000000000000028,0.2000000000000028,0.2467918296846253,0.3893630864502415,0.2720266483373846,0.4300098603355644,0.8518086073321881,0.7332751097419921,0.6153034314366483,0.6176600465164189,0.1300706812083356,0.1314563367967314,0.8195677007217843,0.8138286485874324,1,cv,tree_boosting,True,True,False,0.07397006705427378,0.6040481392949081,1.2289000535846821,-0.2408893539448805,-0.5055730565915922,-0.7464624105364728,-1.093096991315828,0,0.030482650625699798
